{"cameraMode":{"drawMode":0,"name":"Shaded","section":"Shading Mode"},"sceneLighting":true,"audioPlay":false,"sceneViewState":{"showFog":true,"showMaterialUpdate":false,"showSkybox":true,"showFlares":true,"showImageEffects":true,"showParticleSystems":true},"in2DMode":false,"pivot":{"x":1.644972801208496,"y":-0.570124626159668,"z":-1.0481281280517579},"rotation":{"x":-0.07918184995651245,"y":0.9178252816200256,"z":-0.2336845099925995,"w":-0.3109966814517975},"size":3.2432920932769777,"orthographic":false}